nilaydreamsEdtechFunction,1443286294
nodenow,1443286295
nodenow,1443286295
nodenow,1443286295
nodenow,1443286295
nodenow,1443286295
nodenow,1443286295
nodenow,1443286296
nodenow,1443286296
nodenow,1443286296
nodenow,1443286296
nodenow,1443286296
nodenow,1443286296
nodenow,1443286296
nodenow,1443286297
MasterOfGodsApp,1443288363
friendsunaoc,1443288723
CliffHCohen,1443288844
SimplicateInfo,1443290044
BestGit,1443291363
WebgyrlzCode,1443291484
bookstobelieve,1443292563
techjunkiejh,1443293163
bomblix,1443295083
YIDeveloper,1443295323
alyssaglai,1443296404
sdouche,1443296524
kwallach,1443297851
UXHow,1443298126
UXHow,1443298126
UXHow,1443298126
UXHow,1443298127
UXHow,1443298127
UXHow,1443298127
UXHow,1443298127
UXHow,1443298128
UXHow,1443298128
UXHow,1443298128
UXHow,1443298128
UXHow,1443298129
UXHow,1443298129
UXHow,1443298129
UXHow,1443298129
UXHow,1443298130
UXHow,1443298130
UXHow,1443298130
UXHow,1443298130
UXHow,1443298130
climagic,1443298131
climagic,1443298131
climagic,1443298131
climagic,1443298131
climagic,1443298132
climagic,1443298132
climagic,1443298132
climagic,1443298132
climagic,1443298133
climagic,1443298133
climagic,1443298133
climagic,1443298134
climagic,1443298134
climagic,1443298134
climagic,1443298134
climagic,1443298135
climagic,1443298135
climagic,1443298135
climagic,1443298136
climagic,1443298136
Linux,1443298138
Linux,1443298138
Linux,1443298138
Linux,1443298139
Linux,1443298139
Linux,1443298139
Linux,1443298139
Linux,1443298140
Linux,1443298140
Linux,1443298140
Linux,1443298141
Linux,1443298141
Linux,1443298141
Linux,1443298142
Linux,1443298142
Linux,1443298142
Linux,1443298143
Linux,1443298143
Linux,1443298143
Linux,1443298143
Android,1443298144
Android,1443298144
Android,1443298144
Android,1443298145
Android,1443298145
Android,1443298145
Android,1443298145
Android,1443298146
Android,1443298146
Android,1443298147
Android,1443298147
Android,1443298147
Android,1443298147
Android,1443298148
Android,1443298148
Android,1443298148
Android,1443298148
Android,1443298149
Android,1443298149
Android,1443298149
ThoughtSTEM,1443298564
sandra_king2,1443299524
GMCareers,1443300483
KyleNovakWebDev,1443300604
NextMoveja,1443300844
scholarshipja,1443300844
MCAGrant,1443300844
NMJ_Scholarship,1443300964
SyphaxSchool,1443302164
AdvocateforEd,1443302164
Lynch39083,1443302165
lucidlights,1443303964
BBTNB,1443305644
tehcoder42,1443306964
UHGTechJobs,1443307324
KimBatesNY,1443308044
sitepointmedia,1443308644
MusicHackFest,1443310444
ThriftyJinxy,1443310564
taahirb_,1443318604
CoyoteOfWallSt,1443319684
codingARfuture,1443322204
source_code_rec,1443322924
dbcaguioa,1443324604
Peacemaker2564,1443326164
CodingAcademy99,1443334084
AydaLabs,1443337084
verlenda,1443337324
verlenda,1443337324
verlenda,1443337324
steve111MV,1443341403
CodingIndonesia,1443341644
MagdaAbuFadil,1443342604
guttulus,1443343924
AfricaCodeWeek,1443344163
Mattnguyenn,1443346804
passivillionare,1443348844
xmementoit,1443349924
reem_asaad,1443350404
Don_Watkins,1443352684
johnmlhll,1443353044
theworkpad,1443356644
aSmartDivorce,1443360483
yoimbert,1443361564
AudioScavenger,1443361565
showcaseimagery,1443362404
TheGrizeldi,1443363483
CodeClubEMids,1443364924
drsekula,1443365884
ExtropianU,1443368524
